{
	"description": "项目配置文件。",
	"setting": {
		"urlCheck": false,
		"es6": false,
		"postcss": true,
		"minified": true,
		"newFeature": true
	},
	"miniprogramRoot": "dist/",
	"qcloudRoot": "server/",
	"compileType": "miniprogram",
	"appid": "wx601ce71bde7b9add",
	"projectname": "mpvue-shop-ceshibanben",
	"libVersion": "2.2.4",
	"condition": {
		"search": {
			"current": -1,
			"list": []
		},
		"conversation": {
			"current": -1,
			"list": []
		},
		"game": {
			"currentL": -1,
			"list": []
		},
		"miniprogram": {
			"current": -1,
			"list": []
		}
	}
}